train_eta,queue_length,traffic_density,intersection_distance,alternative_route_distance,wait_time,reroute_time,optimal_action,time_saved,scenario_id
39.27057182332639,6,light,500,657.5898241587284,43.0,52.34646733942845,wait,9.34646733942845,0
58.80421492178204,3,medium,300,397.1120639861338,34.0,40.740085758752045,wait,6.740085758752045,1
105.49730676551073,6,heavy,500,1217.1178477979704,43.0,151.05414173575645,wait,108.05414173575645,2
30.691201837947872,6,medium,300,699.7255732218995,43.0,67.97530158997095,wait,24.975301589970954,3
96.62403240194494,2,heavy,500,1078.832903883952,31.0,134.45994846607422,wait,103.45994846607422,4
24.392325358095718,7,heavy,500,965.3634391300177,46.0,120.84361269560212,wait,74.84361269560212,5
59.559100664144886,12,medium,1000,2224.236172295533,61.0,205.18125550659798,wait,144.18125550659798,6
29.425880279309595,12,light,300,683.7374948448016,61.0,54.229099628825715,reroute,6.770900371174285,7
117.46384753480416,7,heavy,1000,1614.6019344244742,46.0,198.75223213093687,wait,152.75223213093687,8
26.301335395805154,8,medium,1000,1964.7865113938694,49.0,181.83078602544825,wait,132.83078602544825,9
67.83755024604346,5,heavy,1000,2466.470191580811,40.0,300.9764229896973,wait,260.9764229896973,10
68.80097108633801,5,medium,300,385.4915572007383,40.0,39.69424014806645,reroute,0.3057598519335514,11
115.28093114656043,7,medium,500,678.6536821094055,46.0,66.0788313898465,wait,20.0788313898465,12
38.01810013222993,12,heavy,1000,1777.0546874151962,61.0,218.24656248982353,wait,157.24656248982353,13
38.61168024133162,8,medium,500,816.8309335312609,49.0,78.51478401781348,wait,29.514784017813483,14
114.3540934225372,7,heavy,500,1160.208230755301,46.0,144.2249876906361,wait,98.22498769063611,15
88.09467118954721,5,heavy,1000,1358.7663679889306,40.0,168.05196415867167,wait,128.05196415867167,16
68.65171564954241,13,light,500,1029.1798015668307,64.0,79.10094571281181,wait,15.100945712811807,17
86.11393988701786,4,medium,500,887.2310317569618,37.0,84.85079285812657,wait,47.85079285812657,18
23.880863638938227,11,light,500,1095.9721966858015,58.0,83.9099981613777,wait,25.9099981613777,19
82.61508371000164,3,light,1000,1784.0922090048393,34.0,133.45463904834844,wait,99.45463904834844,20
50.42266021616601,7,medium,300,518.7163974647685,46.0,51.68447577182917,wait,5.68447577182917,21
74.73639409424379,11,medium,1000,2245.019981141219,58.0,207.05179830270973,wait,149.05179830270973,22
104.8132152087422,10,light,500,818.5150681377112,55.0,63.9330849059152,wait,8.933084905915202,23
61.58733748525142,6,medium,500,958.8499900875838,43.0,91.29649910788255,wait,48.29649910788255,24
60.097710370805615,1,medium,1000,2351.9081474678787,28.0,216.6717332721091,wait,188.6717332721091,25
77.89581009011388,10,medium,500,1158.4356853251356,55.0,109.25921167926221,wait,54.25921167926221,26
64.30304594140374,7,heavy,500,1050.719608549032,46.0,131.08635302588385,wait,85.08635302588385,27
81.17574398342838,10,heavy,300,418.8556895032654,55.0,55.262682740391845,wait,0.26268274039184547,28
71.03426217872683,11,light,500,1047.3576475121363,58.0,80.40975062087381,wait,22.409750620873808,29
99.77090499302393,5,light,500,755.7652296208782,40.0,59.41509653270323,wait,19.41509653270323,30
61.88672971981633,2,medium,300,741.111293533878,31.0,71.70001641804902,wait,40.70001641804902,31
81.87487098593364,6,medium,300,744.4421744726186,43.0,71.99979570253568,wait,28.99979570253568,32
69.21967726038592,7,medium,500,1150.6628828223193,46.0,108.55965945400874,wait,62.55965945400874,33
69.83242016603984,9,medium,1000,1949.4862732276736,52.0,180.45376459049064,wait,128.45376459049064,34
116.62369353684268,4,medium,500,1123.176121938382,37.0,106.08585097445439,wait,69.08585097445439,35
24.58486954391143,1,medium,1000,1488.2963180020736,28.0,138.9466686201866,wait,110.94666862018661,36
92.7637695799041,4,heavy,300,409.896870943999,37.0,54.18762451327987,wait,17.18762451327987,37
99.17699000367821,13,medium,300,729.1612007875005,64.0,70.62450807087505,wait,6.624508070875052,38
58.233337021635116,13,medium,300,623.6918152126933,64.0,61.1322633691424,reroute,2.8677366308575998,39
113.27453831746473,5,medium,1000,1894.8583499436181,40.0,175.53725149492564,wait,135.53725149492564,40
106.49001087127702,1,heavy,500,947.2539417047888,28.0,118.67047300457465,wait,90.67047300457465,41
73.04417679091722,1,light,500,794.9204080284516,28.0,62.23426937804851,wait,34.23426937804851,42
48.99502213544829,14,light,1000,1233.5886694267333,67.0,93.8183841987248,wait,26.8183841987248,43
100.36809867500061,8,medium,1000,1797.796503097819,49.0,166.80168527880372,wait,117.80168527880372,44
103.94570021230454,7,medium,1000,1303.4927345601618,46.0,122.31434611041456,wait,76.31434611041456,45
49.01017575439518,4,medium,300,566.3037231137844,37.0,55.967335080240595,wait,18.967335080240595,46
44.09772169025648,4,medium,500,909.3944253136997,37.0,86.84549827823298,wait,49.84549827823298,47
107.21783472279444,7,heavy,1000,1246.3224527868572,46.0,154.55869433442285,wait,108.55869433442285,48
59.7192398836563,11,medium,1000,2277.859885083143,58.0,210.0073896574829,wait,152.0073896574829,49
66.93011736605106,0,heavy,300,374.3350640272519,25.0,49.92020768327023,wait,24.920207683270228,50
20.94240899084479,8,light,500,831.0795636786163,49.0,64.83772858486037,wait,15.837728584860372,51
118.37841896537553,3,light,300,409.599298709638,34.0,34.49114950709394,wait,0.4911495070939367,52
66.71540740185876,5,medium,300,580.6564491741386,40.0,57.25908042567248,wait,17.25908042567248,53
59.0989343226319,3,medium,1000,1955.5238051633892,34.0,180.99714246470504,wait,146.99714246470504,54
57.14258069310549,10,light,300,448.991523690003,55.0,37.32738970568022,reroute,17.67261029431978,55
60.022849896884146,8,heavy,500,1232.7645884215883,49.0,152.9317506105906,wait,103.9317506105906,56
96.52677421185224,6,medium,300,518.7883466636025,43.0,51.690951199724225,wait,8.690951199724225,57
93.73009573401174,2,light,300,654.6756549603342,31.0,52.13664715714406,wait,21.13664715714406,58
37.93464948601575,2,light,1000,1487.2746066498141,31.0,112.08377167878662,wait,81.08377167878662,59
97.97086718774993,7,medium,1000,1659.59322549413,46.0,154.36339029447169,wait,108.36339029447169,60
27.041230740422556,13,medium,500,626.7152238281438,64.0,61.40437014453295,reroute,2.5956298554670525,61
42.42820959919549,11,medium,1000,2038.5661435873374,58.0,188.47095292286036,wait,130.47095292286036,62
105.64599201519272,9,light,1000,2042.3731855873398,52.0,152.05086936228847,wait,100.05086936228847,63
51.66168458665511,7,heavy,500,1027.7628734883747,46.0,128.33154481860495,wait,82.33154481860495,64
66.81470430584349,9,heavy,500,1091.5526723035578,52.0,135.9863206764269,wait,83.98632067642691,65
103.91448823511423,4,medium,300,471.2865217141056,37.0,47.41578695426951,wait,10.415786954269507,66
82.78963775800491,8,heavy,300,665.3606838435759,49.0,84.8432820612291,wait,35.843282061229104,67
93.7827647345435,0,light,1000,2006.9438165199247,25.0,149.49995478943458,wait,124.49995478943458,68
72.0951808311511,14,light,300,632.5871348363801,67.0,50.54627370821937,reroute,16.453726291780633,69
41.69291988250769,4,light,500,731.072924294623,37.0,57.63725054921286,wait,20.637250549212858,70
90.13938006279218,7,heavy,1000,1683.7237504069917,46.0,207.046850048839,wait,161.046850048839,71
53.889105053071134,3,medium,500,906.4991933728468,34.0,86.58492740355621,wait,52.58492740355621,72
71.33441741159693,12,heavy,300,429.5219893908137,61.0,56.54263872689764,reroute,4.457361273102357,73
93.87568894129438,1,medium,1000,2320.513276793282,28.0,213.84619491139537,wait,185.84619491139537,74
23.93799985012584,12,light,300,492.0212271884032,61.0,40.42552835756503,reroute,20.574471642434972,75
34.50405893978062,4,light,1000,1771.1614458859585,37.0,132.52362410378902,wait,95.52362410378902,76
25.206707551368382,12,heavy,1000,1448.0005451617578,61.0,178.76006541941092,wait,117.76006541941092,77
67.26663329523447,8,light,300,584.5851150047038,49.0,47.09012828033867,reroute,1.9098717196613322,78
41.72706899137394,10,light,300,632.467631722417,55.0,50.53766948401402,reroute,4.4623305159859825,79
77.0126309055569,7,heavy,300,560.6069764195819,46.0,72.27283717034982,wait,26.272837170349817,80
45.43892714033157,11,medium,1000,1641.8883481073922,58.0,152.7699513296653,wait,94.7699513296653,81
109.94524711069506,11,light,300,669.7985570259701,58.0,53.22549610586985,reroute,4.774503894130149,82
104.84286981267282,10,light,300,373.3057340628244,55.0,31.878012852523355,reroute,23.121987147476645,83
63.05396828269347,5,medium,500,981.7380494030796,40.0,93.35642444627716,wait,53.35642444627716,84
39.87042338929701,10,light,300,402.4964483585371,55.0,33.979744281814675,reroute,21.020255718185325,85
88.49393019255922,2,light,1000,1691.428607951935,31.0,126.78285977253931,wait,95.78285977253931,86
99.91590130473415,4,medium,500,834.4659374136289,37.0,80.1019343672266,wait,43.101934367226605,87
25.78603443712986,9,medium,300,435.87711341444725,52.0,44.228940207300255,reroute,7.771059792699745,88
107.9083717788937,8,medium,1000,2434.9441467235674,49.0,224.1449732051211,wait,175.1449732051211,89
108.83213468292138,7,heavy,500,800.211082359937,46.0,101.02532988319243,wait,55.02532988319243,90
112.98631686125765,6,medium,500,1247.725034373022,43.0,117.29525309357199,wait,74.29525309357199,91
62.18333632514174,7,medium,300,456.2880367845761,46.0,46.06592331061185,wait,0.06592331061185064,92
71.47600960492727,1,heavy,300,559.0294549124433,28.0,72.08353458949318,wait,44.08353458949318,93
86.2421756994842,6,medium,1000,1454.72377489045,43.0,135.9251397401405,wait,92.92513974014051,94
49.4979318684008,0,medium,300,650.7346758575093,25.0,63.56612082717584,wait,38.56612082717584,95
78.12875325443832,11,medium,300,528.9215917782375,58.0,52.60294326004138,reroute,5.397056739958622,96
20.235883086103083,12,light,300,537.2825529522551,61.0,43.68434381256236,reroute,17.31565618743764,97
113.2081455131702,3,heavy,500,718.987496645753,34.0,91.27849959749035,wait,57.27849959749035,98
75.30029018466487,5,medium,500,993.1080384323359,40.0,94.37972345891023,wait,54.379723458910235,99
42.217433431169155,4,heavy,1000,1521.906445751274,37.0,187.62877349015287,wait,150.62877349015287,100
89.67598720093153,4,medium,1000,1896.969848675874,37.0,175.72728638082864,wait,138.72728638082864,101
113.52759265655017,4,light,300,738.3421224027126,37.0,58.1606328129953,wait,21.160632812995303,102
38.67622332556428,7,light,1000,1794.2727106068667,46.0,134.1876351636944,wait,88.18763516369441,103
65.3940224568324,12,heavy,300,401.0016876075743,61.0,53.12020251290891,reroute,7.879797487091089,104
104.88471064150272,6,medium,500,1082.6143867203384,43.0,102.43529480483046,wait,59.43529480483046,105
36.03904868541488,13,heavy,300,590.4312756479388,64.0,75.85175307775266,wait,11.851753077752662,106
61.79928527090728,12,medium,1000,2010.9920328735793,61.0,185.98928295862214,wait,124.98928295862214,107
93.41750364808564,12,medium,1000,1812.7703967998912,61.0,168.1493357119902,wait,107.1493357119902,108
103.11199429060416,5,medium,500,1207.943499300817,40.0,113.71491493707353,wait,73.71491493707353,109
94.25997271752027,10,heavy,500,1240.486467073295,55.0,153.85837604879538,wait,98.85837604879538,110
50.452288929103354,14,medium,300,706.9666678349208,67.0,68.62700010514288,wait,1.6270001051428835,111
22.48472307252228,10,light,1000,1250.710769867933,55.0,95.05117543049118,wait,40.051175430491185,112
95.7919071501107,11,medium,300,530.610495834572,58.0,52.754944625111484,reroute,5.245055374888516,113
104.79875808676248,14,light,1000,1376.8350692893648,67.0,104.13212498883426,wait,37.13212498883426,114
109.31815843181356,8,medium,1000,2144.7398368303634,49.0,198.0265853147327,wait,149.0265853147327,115
66.33077841223204,0,medium,300,686.7128914140179,25.0,66.8041602272616,wait,41.804160227261605,116
34.77836140993034,8,heavy,1000,1441.1721766366613,49.0,177.94066119639936,wait,128.94066119639936,117
55.28873943850842,5,medium,300,740.9370703035877,40.0,71.6843363273229,wait,31.684336327322896,118
103.85379045212328,9,light,500,970.493552224786,52.0,74.87553576018459,wait,22.87553576018459,119
39.13620108733029,6,light,500,968.5220477270815,43.0,74.73358743634986,wait,31.733587436349865,120
24.869120986302597,10,medium,1000,1268.5190176648584,55.0,119.16671158983726,wait,64.16671158983726,121
95.2410148482623,3,medium,500,1094.6309307838842,34.0,103.51678377054958,wait,69.51678377054958,122
32.84993481739136,14,light,1000,1780.6992142988954,67.0,133.21034342952046,wait,66.21034342952046,123
98.71332631860206,11,heavy,1000,2038.6935496844415,58.0,249.64322596213296,wait,191.64322596213296,124
80.63612649723564,3,light,300,434.95918666013426,34.0,36.31706143952967,wait,2.3170614395296667,125
55.82239636712823,14,light,1000,2387.8202317413493,67.0,176.92305668537713,wait,109.92305668537713,126
72.1400816902358,9,medium,300,710.1295778619266,52.0,68.9116620075734,wait,16.911662007573398,127
104.32288796726182,2,light,1000,2460.4520945608892,31.0,182.152550808384,wait,151.152550808384,128
22.596002539242647,1,light,500,1202.3725383178853,28.0,91.57082275888774,wait,63.57082275888774,129
57.332409345689385,10,light,300,642.9061212793252,55.0,51.289240732111416,reroute,3.7107592678885837,130
55.36202531758914,12,heavy,300,707.2312087037551,61.0,89.8677450444506,wait,28.8677450444506,131
80.18469225134999,3,medium,300,692.5627377527188,34.0,67.33064639774469,wait,33.33064639774469,132
80.19384012140353,6,light,1000,2214.410756987971,43.0,164.43757450313393,wait,121.43757450313393,133
87.09647245073374,1,medium,300,540.2460891828267,28.0,53.622148026454404,wait,25.622148026454404,134
70.41495321391173,5,medium,500,1077.9904901142068,40.0,102.01914411027862,wait,62.01914411027862,135
86.03519155370005,8,medium,300,493.45718449461503,49.0,49.41114660451535,wait,0.411146604515352,136
60.915099621378836,14,heavy,1000,1840.6148715627749,67.0,225.87378458753295,wait,158.87378458753295,137
91.06308067286044,14,heavy,1000,1696.6674242799545,67.0,208.60009091359453,wait,141.60009091359453,138
82.36357206700444,7,heavy,500,938.7347436763591,46.0,117.64816924116309,wait,71.64816924116309,139
50.484614590766,14,light,300,655.1924456806252,67.0,52.17385608900501,reroute,14.826143910994993,140
60.26634148566682,4,light,300,381.69039488359437,37.0,32.4817084316188,reroute,4.518291568381201,141
62.17103475063916,9,heavy,500,1168.510412672674,52.0,145.22124952072087,wait,93.22124952072087,142
75.86291587395544,7,light,1000,2413.484649042062,46.0,178.77089473102845,wait,132.77089473102845,143
113.40968530945307,0,medium,500,684.0889755987828,25.0,66.56800780389045,wait,41.56800780389045,144
39.34666504937973,10,light,500,1073.306514768356,55.0,82.27806906332162,wait,27.278069063321624,145
110.25636636448078,1,light,300,484.1623140877901,28.0,39.859686614320886,wait,11.859686614320886,146
30.74438680878542,3,medium,1000,1614.932298853099,34.0,150.34390689677892,wait,116.34390689677892,147
53.12945325086012,4,light,500,1143.983957650158,37.0,87.36684495081137,wait,50.36684495081137,148
59.289187158528414,13,medium,500,905.2236567526547,64.0,86.47012910773893,wait,22.470129107738927,149
119.21324000492156,11,medium,1000,2397.536048019758,58.0,220.7782443217782,wait,162.7782443217782,150
24.518920389648393,1,medium,300,709.0921341645002,28.0,68.81829207480502,wait,40.818292074805015,151
78.30012360418426,11,medium,300,590.5216971418987,58.0,58.146952742770885,wait,0.14695274277088544,152
114.05357408592789,12,light,1000,1367.8625468118694,61.0,103.48610337045459,wait,42.486103370454586,153
39.901961618210564,8,heavy,1000,2208.1899093172747,49.0,269.98278911807296,wait,220.98278911807296,154
64.68982656617536,11,medium,1000,1580.61064612602,58.0,147.25495815134178,wait,89.25495815134178,155
98.85814249876346,9,light,300,585.3629080112205,52.0,47.14612937680788,reroute,4.8538706231921225,156
76.51230665371318,7,light,500,1106.6845273437812,46.0,84.68128596875223,wait,38.681285968752235,157
100.51038340314814,4,medium,500,601.6220827247147,37.0,59.14598744522432,wait,22.14598744522432,158
22.98167565887094,13,medium,500,1044.0782246408328,64.0,98.96704021767495,wait,34.96704021767495,159
30.16800010895831,2,light,300,375.598023421671,31.0,32.043057686360314,wait,1.0430576863603136,160
25.827821414497247,6,medium,500,1112.2013031392391,43.0,105.09811728253153,wait,62.09811728253153,161
30.345786829900927,7,heavy,1000,1656.8824033199114,46.0,203.82588839838937,wait,157.82588839838937,162
45.459384020119444,10,light,500,768.9901934848326,55.0,60.36729393090795,wait,5.367293930907948,163
60.067030910073974,6,light,1000,2141.9329301125135,43.0,159.21917096810097,wait,116.21917096810097,164
45.33489071115782,0,heavy,300,588.8037041837439,25.0,75.65644450204927,wait,50.65644450204927,165
113.72659630712758,4,light,500,612.9271107344056,37.0,49.1307519728772,wait,12.1307519728772,166
96.27122758452978,14,medium,500,1055.5729179065916,67.0,100.00156261159324,wait,33.00156261159324,167
56.27181002355966,9,medium,500,1087.827996406528,52.0,102.90451967658753,wait,50.904519676587526,168
54.24555265511049,4,medium,1000,1395.7169413168506,37.0,130.61452471851658,wait,93.61452471851658,169
114.12579506456767,4,light,500,1085.4995950241305,37.0,83.1559708417374,wait,46.1559708417374,170
56.489481332050325,12,medium,300,593.3743166077023,61.0,58.40368849469321,reroute,2.5963115053067867,171
38.63688854268732,4,heavy,1000,1718.275411223196,37.0,211.1930493467835,wait,174.1930493467835,172
63.34654354291483,8,medium,1000,2468.2550704516834,49.0,227.14295634065152,wait,178.14295634065152,173
75.98691437449816,9,medium,300,499.5557099610852,52.0,49.96001389649767,reroute,2.0399861035023292,174
77.99199526608474,14,light,500,888.5921412389674,67.0,68.97863416920566,wait,1.9786341692056624,175
80.15115130885098,8,medium,300,613.7193513121706,49.0,60.234741618095356,wait,11.234741618095356,176
42.46387572593419,4,light,500,1102.928306606946,37.0,84.41083807570011,wait,47.41083807570011,177
48.69547416955483,7,medium,1000,2333.373178875446,46.0,215.00358609879012,wait,169.00358609879012,178
91.26508238702137,2,medium,300,387.6562620934391,31.0,39.88906358840952,wait,8.88906358840952,179
106.01729147492627,0,light,300,674.4834697281401,25.0,53.56280982042609,wait,28.56280982042609,180
65.62792816505953,6,heavy,300,689.922437867879,43.0,87.79069254414547,wait,44.79069254414547,181
25.208517467552642,11,heavy,1000,1900.4153033839,58.0,233.04983640606798,wait,175.04983640606798,182
71.47809066600834,11,light,300,725.5376133604661,58.0,57.23870816195356,reroute,0.7612918380464393,183
43.6375607698846,5,light,1000,1761.843860913804,40.0,131.8527579857939,wait,91.85275798579389,184
41.39156629935618,11,light,300,549.222282340268,58.0,44.54400432849929,reroute,13.455995671500709,185
54.29403091231153,5,medium,1000,2445.383591448623,40.0,225.08452323037608,wait,185.08452323037608,186
105.83104094424792,1,light,1000,1693.3570023911586,28.0,126.92170417216342,wait,98.92170417216342,187
93.58427831014363,3,light,1000,2412.0409761707106,34.0,178.66695028429115,wait,144.66695028429115,188
72.60392554351294,5,light,1000,1319.2364195907694,40.0,99.98502221053539,wait,59.98502221053539,189
106.8442051854312,3,medium,1000,1595.6301996510247,34.0,148.60671796859222,wait,114.60671796859222,190
51.22855234002429,8,heavy,300,369.22289302792177,49.0,49.30674716335061,wait,0.30674716335060737,191
44.08201357885488,9,medium,500,769.521698591569,52.0,74.25695287324122,wait,22.256952873241218,192
59.2226279674703,9,light,500,823.7840010125113,52.0,64.31244807290082,wait,12.312448072900821,193
81.02307492373238,5,medium,300,375.19669869073715,40.0,38.76770288216635,reroute,1.232297117833653,194
109.3615683143915,10,light,500,847.0859929512297,55.0,65.99019149248855,wait,10.990191492488549,195
96.20007345601049,8,medium,1000,1558.0978807021588,49.0,145.2288092631943,wait,96.22880926319431,196
37.01603796850203,13,medium,300,404.7868475127717,64.0,41.43081627614946,reroute,22.569183723850543,197
21.413274250252595,3,medium,500,984.7840995455168,34.0,93.63056895909652,wait,59.63056895909652,198
59.183849479862864,10,light,300,693.9747328342183,55.0,54.96618076406372,reroute,0.03381923593627789,199
84.07205108616232,14,light,500,1149.940234920185,67.0,87.79569691425333,wait,20.795696914253327,200
117.31941280306363,9,light,500,1111.0258585869099,52.0,84.99386181825751,wait,32.993861818257514,201
42.919966901571854,14,light,1000,2188.895931998131,67.0,162.60050710386543,wait,95.60050710386543,202
39.60969220253457,6,light,300,396.1575618638282,43.0,33.52334445419563,reroute,9.47665554580437,203
33.22647093242561,6,heavy,1000,2011.44808575713,43.0,246.3737702908556,wait,203.3737702908556,204
86.74757741395392,3,medium,1000,1216.7444392389266,34.0,114.5069995315034,wait,80.5069995315034,205
24.451986437783283,11,medium,1000,1575.7738072423408,58.0,146.81964265181068,wait,88.81964265181068,206
24.180193659913844,3,medium,1000,1254.473944260772,34.0,117.90265498346949,wait,83.90265498346949,207
84.93473047564552,10,light,1000,1639.0658562603749,55.0,123.01274165074699,wait,68.01274165074699,208
79.22510369051663,6,medium,1000,2056.981176910835,43.0,190.12830592197517,wait,147.12830592197517,209
112.78490694883855,13,heavy,300,599.0944226130295,64.0,76.89133071356353,wait,12.891330713563534,210
36.678830099867085,13,medium,1000,1794.3415753818306,64.0,166.49074178436476,wait,102.49074178436476,211
80.37712794155081,3,light,1000,1663.2959207065294,34.0,124.75730629087012,wait,90.75730629087012,212
48.79553793980193,10,light,1000,1568.6806591345764,55.0,117.9450074576895,wait,62.9450074576895,213
115.96512081655872,14,light,500,686.0305012532033,67.0,54.394196090230636,reroute,12.605803909769364,214
49.12311061417661,4,heavy,1000,2222.712571154702,37.0,271.7255085385642,wait,234.7255085385642,215
84.42810542667684,11,heavy,500,1057.219161567525,58.0,131.86629938810296,wait,73.86629938810296,216
26.400961403238703,2,light,1000,1518.8000203240645,31.0,114.35360146333264,wait,83.35360146333264,217
83.12436436034871,4,light,300,601.5072198696079,37.0,48.308519830611765,wait,11.308519830611765,218
61.63836038242518,13,medium,500,640.174825959235,64.0,62.61573433633115,reroute,1.3842656636688488,219
96.27965199745653,1,medium,1000,2426.184516105441,28.0,223.3566064494897,wait,195.3566064494897,220
91.29537029339316,9,medium,1000,1755.3383004976642,52.0,162.9804470447898,wait,110.9804470447898,221
55.69434712739656,0,medium,300,527.2498443140717,25.0,52.45248598826645,wait,27.452485988266453,222
21.247373182817356,0,medium,1000,2069.075897428123,25.0,191.21683076853108,wait,166.21683076853108,223
75.544650517573,11,medium,500,1127.1812479185182,58.0,106.44631231266665,wait,48.44631231266665,224
37.088406571624304,9,medium,300,368.4471696902034,52.0,38.16024527211831,reroute,13.83975472788169,225
118.59527982451156,7,heavy,300,421.32094514227293,46.0,55.558513417072746,wait,9.558513417072746,226
92.28795181115937,7,light,1000,1838.7642536207732,46.0,137.39102626069567,wait,91.39102626069567,227
102.12590952752018,4,medium,300,382.29413857594636,37.0,39.40647247183517,wait,2.4064724718351727,228
79.89674214592964,3,light,300,487.45229499289565,34.0,40.096565239488484,wait,6.096565239488484,229
92.23422457119436,0,light,1000,1814.0933928052386,25.0,135.61472428197717,wait,110.61472428197717,230
64.01945403870991,8,light,500,1222.46026942944,49.0,93.01713939891967,wait,44.01713939891967,231
83.31813019759028,13,medium,1000,2022.6309623503234,64.0,187.03678661152912,wait,123.03678661152912,232
62.96907833165315,2,heavy,300,741.2479371950747,31.0,93.94975246340896,wait,62.949752463408956,233
108.689706981443,3,heavy,300,516.5739654856109,34.0,66.9888758582733,wait,32.9888758582733,234
112.37885233479123,0,light,1000,2432.8747150140507,25.0,180.16697948101165,wait,155.16697948101165,235
83.70606973098612,10,heavy,500,999.441935685587,55.0,124.93303228227043,wait,69.93303228227043,236
107.70823852054379,10,heavy,500,984.1279175160925,55.0,123.09535010193109,wait,68.09535010193109,237
73.427526377314,10,medium,500,698.7889350734854,55.0,67.89100415661369,wait,12.89100415661369,238
89.6165457265996,13,medium,1000,1390.154365420587,64.0,130.11389288785284,wait,66.11389288785284,239
114.92580318047683,2,medium,500,1189.9547124330877,31.0,112.09592411897789,wait,81.09592411897789,240
61.297861119996796,12,medium,1000,2278.351924430823,61.0,210.0516731987741,wait,149.0516731987741,241
79.46677913063594,7,medium,500,1200.4197044859843,46.0,113.0377734037386,wait,67.0377734037386,242
66.25527108099831,6,medium,1000,2338.734359196594,43.0,215.48609232769348,wait,172.48609232769348,243
21.302448824366653,6,light,300,645.8191436954684,43.0,51.49897834607372,wait,8.49897834607372,244
77.6655710121828,11,heavy,1000,1229.4691191780612,58.0,152.53629430136732,wait,94.53629430136732,245
107.30856523533157,12,medium,500,700.0273927411497,61.0,68.00246534670347,wait,7.002465346703474,246
38.898490452423665,13,medium,500,1095.7636497244152,64.0,103.61872847519737,wait,39.61872847519737,247
28.68340488338565,0,light,1000,2074.115277903112,25.0,154.3363000090241,wait,129.3363000090241,248
108.32473546864989,12,medium,300,712.2170342548386,61.0,69.09953308293548,wait,8.09953308293548,249
49.266272277793774,7,medium,500,1226.01877358536,46.0,115.3416896226824,wait,69.3416896226824,250
74.94767753439504,4,heavy,1000,1621.8807840027548,37.0,199.62569408033056,wait,162.62569408033056,251
56.486832892771446,7,light,500,1032.2418132270102,46.0,79.32141055234473,wait,33.32141055234473,252
92.5779264284828,11,light,300,522.3098961675714,58.0,42.60631252406514,reroute,15.393687475934861,253
70.06690771757876,12,medium,300,384.401079427221,61.0,39.59609714844989,reroute,21.403902851550107,254
67.12452234953267,2,light,300,622.4165648521514,31.0,49.813992669354896,wait,18.813992669354896,255
37.0919920789666,4,medium,1000,2406.306358311923,37.0,221.56757224807308,wait,184.56757224807308,256
72.53820809189484,11,heavy,300,481.90549343714537,58.0,62.82865921245744,wait,4.828659212457438,257
32.990950961859404,0,medium,300,546.132441288964,25.0,54.15191971600676,wait,29.15191971600676,258
112.88942768255956,6,medium,300,616.6261173978374,43.0,60.49635056580537,wait,17.496350565805372,259
108.25365130543845,2,medium,300,534.397537643995,31.0,53.09577838795955,wait,22.095778387959548,260
112.5052350597802,8,light,1000,2489.1699649783836,49.0,184.2202374784436,wait,135.2202374784436,261
21.803670229964304,1,light,1000,1625.4698816370103,28.0,122.03383147786474,wait,94.03383147786474,262
54.554601634269865,4,light,1000,1225.5761792063179,37.0,93.24148490285488,wait,56.24148490285488,263
106.84802520024687,14,light,500,1117.2759697063032,67.0,85.44386981885383,wait,18.443869818853827,264
26.685629293863283,3,light,1000,1686.550659440134,34.0,126.43164747968964,wait,92.43164747968964,265
60.2011488625882,6,medium,500,1164.7707435163395,43.0,109.82936691647056,wait,66.82936691647056,266
83.84707559276563,9,light,1000,1530.6941853669005,52.0,115.20998134641682,wait,63.209981346416825,267
83.42692335874565,3,heavy,500,676.271384001688,34.0,86.15256608020256,wait,52.15256608020256,268
41.96204840572595,3,medium,300,668.2561974567363,34.0,65.14305777110627,wait,31.14305777110627,269
106.21075566793752,12,heavy,300,587.1133229175161,61.0,75.45359875010193,wait,14.453598750101932,270
89.49780565019996,5,light,500,842.9528318919172,40.0,65.69260389621803,wait,25.69260389621803,271
68.2973646854258,13,light,300,360.19568490967623,64.0,30.93408931349669,reroute,33.065910686503315,272
111.8749849510135,0,light,1000,2455.8773753821265,25.0,181.8231710275131,wait,156.8231710275131,273
33.260974241894296,13,medium,500,877.7062449247578,64.0,83.99356204322821,wait,19.99356204322821,274
33.80162946638731,7,light,1000,1216.897508949266,46.0,92.61662064434715,wait,46.61662064434715,275
44.302167621647186,4,medium,1000,2386.0957892904903,37.0,219.74862103614413,wait,182.74862103614413,276
59.97042019199755,4,medium,1000,1366.5524741404402,37.0,127.98972267263962,wait,90.98972267263962,277
25.566438652534856,4,light,1000,2301.6224074405864,37.0,170.7168133357222,wait,133.7168133357222,278
64.7278710925035,8,medium,500,669.5109602774421,49.0,65.25598642496979,wait,16.25598642496979,279
68.4051521732215,13,heavy,300,673.2961565296365,64.0,85.79553878355638,wait,21.79553878355638,280
49.441296775988334,9,medium,300,588.0416684722094,52.0,57.92375016249885,wait,5.923750162498848,281
104.42148905894402,7,medium,1000,1458.2396228014904,46.0,136.24156605213415,wait,90.24156605213415,282
31.56070962292821,13,light,1000,2309.709932446791,64.0,171.29911513616892,wait,107.29911513616892,283
81.31580589063415,11,light,500,1195.649861310033,58.0,91.08679001432237,wait,33.086790014322375,284
53.32528417938656,12,medium,300,603.6261322923302,61.0,59.326351906309725,reroute,1.6736480936902751,285
72.04865467554424,1,light,1000,1760.7706409529821,28.0,131.77548614861473,wait,103.77548614861473,286
59.14940168170706,9,light,300,432.1712041218783,52.0,36.11632669677523,reroute,15.883673303224768,287
61.47514140197549,5,medium,1000,1821.3695226133577,40.0,168.9232570352022,wait,128.9232570352022,288
39.22925524534613,13,heavy,500,1039.0802104197564,64.0,129.68962525037077,wait,65.68962525037077,289
35.69694183320401,6,light,1000,2434.0766315154206,43.0,180.25351746911028,wait,137.25351746911028,290
92.23013598659112,1,medium,300,678.5785169512068,28.0,66.07206652560862,wait,38.07206652560862,291
66.30728234792736,4,heavy,300,409.3748732430984,37.0,54.124984789171805,wait,17.124984789171805,292
85.44523591920463,0,light,1000,1581.6631703960325,25.0,118.87974826851433,wait,93.87974826851433,293
52.36687196890288,12,medium,1000,1924.4866222468756,61.0,178.2037960022188,wait,117.20379600221881,294
25.75385830213656,9,medium,500,686.6794902982278,52.0,66.80115412684052,wait,14.801154126840515,295
99.93675611806447,0,light,500,698.2927411334372,25.0,55.277077361607475,wait,30.277077361607475,296
35.13089567654306,1,medium,1000,1579.9535202407048,28.0,147.19581682166344,wait,119.19581682166344,297
44.561219016894654,8,medium,1000,1632.6771952121062,49.0,151.94094756908956,wait,102.94094756908956,298
30.866403437429927,6,light,300,482.8683014544598,43.0,39.7665177047211,reroute,3.233482295278897,299
44.2092943505545,14,light,500,946.9442093370262,67.0,73.17998307226588,wait,6.179983072265884,300
90.26226181052444,13,light,300,466.958496259484,64.0,38.621011730682845,reroute,25.378988269317155,301
116.8350241555951,5,heavy,500,988.303328296424,40.0,123.59639939557087,wait,83.59639939557087,302
26.517155979330347,6,medium,300,474.19173472934415,43.0,47.67725612564097,wait,4.677256125640973,303
79.18314593837147,13,light,300,718.2687190156224,64.0,56.71534776912481,reroute,7.284652230875189,304
54.25176664416202,2,light,1000,1961.11048275937,31.0,146.19995475867464,wait,115.19995475867464,305
78.10870386114149,8,medium,500,762.6815674587134,49.0,73.6413410712842,wait,24.641341071284202,306
41.95196343487635,1,light,500,1249.4092798385689,28.0,94.95746814837696,wait,66.95746814837696,307
51.84217583149619,6,light,1000,1266.0585237773082,43.0,96.15621371196619,wait,53.15621371196619,308
100.35392638506089,4,medium,300,477.07842221014965,37.0,47.93705799891347,wait,10.937057998913467,309
29.307923007447727,13,heavy,500,1226.8699943072638,64.0,152.22439931687165,wait,88.22439931687165,310
61.543279123276086,3,medium,1000,1559.9294272117759,34.0,145.39364844905984,wait,111.39364844905984,311
94.47360637829205,8,light,500,825.7896096654067,49.0,64.45685189590928,wait,15.456851895909281,312
26.25997832921653,2,light,1000,1330.179501190022,31.0,100.77292408568158,wait,69.77292408568158,313
115.60720030300901,7,medium,1000,1523.0773941005862,46.0,142.07696546905277,wait,96.07696546905277,314
94.29932512128438,12,light,1000,1837.3928108413431,61.0,137.2922823805767,wait,76.2922823805767,315
88.6651439399267,8,medium,500,1058.6129374827585,49.0,100.27516437344828,wait,51.27516437344828,316
28.427719923400765,11,light,300,737.9873679667284,58.0,58.13509049360444,wait,0.13509049360443726,317
22.194143463855514,6,light,1000,1526.627042970437,43.0,114.91714709387146,wait,71.91714709387146,318
83.94682205926878,14,medium,300,675.3181508886058,67.0,65.77863357997452,reroute,1.2213664200254755,319
76.88077089662076,12,light,500,813.3104830080147,61.0,63.558354776577055,wait,2.5583547765770547,320
98.8795865200845,0,heavy,1000,1870.007256279873,25.0,229.40087075358474,wait,204.40087075358474,321
29.822615740673868,6,medium,300,640.5424842345948,43.0,62.64882358111353,wait,19.648823581113533,322
93.02281128741733,2,light,300,505.1832467365359,31.0,41.373193765030585,wait,10.373193765030585,323
81.84152510936416,3,medium,500,739.9676207825363,34.0,71.59708587042827,wait,37.59708587042827,324
77.77911769483904,3,light,1000,1670.7542569065133,34.0,125.29430649726896,wait,91.29430649726896,325
112.55204665059723,1,light,300,681.2351566925375,28.0,54.0489312818627,wait,26.0489312818627,326
38.959960030176745,14,medium,300,440.5971757793393,67.0,44.653745820140536,reroute,22.346254179859464,327
86.45452873284196,12,light,300,701.4335135360043,61.0,55.50321297459231,reroute,5.496787025407691,328
86.33671830548916,10,heavy,300,429.5805191565333,55.0,56.54966229878399,wait,1.5496622987839928,329
27.668205410752616,10,light,300,450.2688228322489,55.0,37.41935524392192,reroute,17.58064475607808,330
54.347736814261744,1,medium,500,955.4366581491463,28.0,90.98929923342317,wait,62.98929923342317,331
52.321286638264155,12,light,1000,2474.5220606326457,61.0,183.1655883655505,wait,122.16558836555049,332
39.234524593008274,3,medium,500,996.7680251524466,34.0,94.7091222637202,wait,60.709122263720204,333
30.504389074652423,5,medium,300,675.7899461058952,40.0,65.82109514953058,wait,25.821095149530578,334
55.99378760353361,0,heavy,500,908.4776861706567,25.0,114.0173223404788,wait,89.0173223404788,335
30.24087220933476,3,medium,500,615.0002191425614,34.0,60.350019722830524,wait,26.350019722830524,336
46.66495703665808,5,heavy,500,692.2020616102285,40.0,88.06424739322742,wait,48.06424739322742,337
55.20890026244897,2,medium,1000,1779.6059955871501,31.0,165.16453960284352,wait,134.16453960284352,338
58.53749140845832,12,light,500,1048.2171527283915,61.0,80.47163499644418,wait,19.47163499644418,339
64.34110109243184,8,light,1000,1225.1502981845938,49.0,93.21082146929075,wait,44.21082146929075,340
107.22689964989934,1,medium,500,889.5514020246673,28.0,85.05962618222006,wait,57.05962618222006,341
76.72723030908821,1,light,1000,2384.0600528778746,28.0,176.65232380720695,wait,148.65232380720695,342
78.29635887213509,3,light,1000,1360.545281914252,34.0,102.95926029782613,wait,68.95926029782613,343
20.791865701429238,0,medium,300,431.4854281077703,25.0,43.83368852969933,wait,18.83368852969933,344
44.36259284287789,0,medium,1000,1301.938357966199,25.0,122.17445221695792,wait,97.17445221695792,345
22.145619422865707,6,heavy,500,878.2106734135971,43.0,110.38528080963164,wait,67.38528080963164,346
63.01524550055065,1,medium,500,620.8667281945383,28.0,60.87800553750844,wait,32.87800553750844,347
29.43432575508917,5,light,300,509.1570604746061,40.0,41.65930835417164,wait,1.6593083541716425,348
101.44571907534959,7,medium,300,385.2963908353613,46.0,39.67667517518252,reroute,6.323324824817483,349
88.01341331451046,3,light,500,1119.7818467211175,34.0,85.62429296392045,wait,51.62429296392045,350
34.9787863586306,7,medium,1000,1715.3087036711909,46.0,159.3777833304072,wait,113.3777833304072,351
57.51862733434417,0,light,300,540.2449743392284,25.0,43.89763815242444,wait,18.89763815242444,352
25.13507024973019,11,medium,1000,1842.9748847785345,58.0,170.86773963006812,wait,112.86773963006812,353
52.707230866475534,13,light,1000,1351.7760528160193,64.0,102.32787580275338,wait,38.32787580275338,354
102.83530230034219,0,medium,1000,2324.788418345797,25.0,214.2309576511217,wait,189.2309576511217,355
90.62061769182992,9,light,1000,2308.66226064739,52.0,171.2236827666121,wait,119.22368276661209,356
50.35653462491648,9,heavy,500,1100.2897091795016,52.0,137.0347651015402,wait,85.03476510154019,357
93.86485280214805,14,heavy,300,452.70376050229584,67.0,59.324451260275495,reroute,7.675548739724505,358
50.50095963381693,10,light,300,376.222891613021,55.0,32.08804819613751,reroute,22.911951803862493,359
76.4077516920553,4,light,1000,1444.4274059912698,37.0,108.99877323137142,wait,71.99877323137142,360
32.93583618854137,3,light,500,1112.7988089755006,34.0,85.12151424623605,wait,51.121514246236046,361
44.82657334190844,2,medium,300,476.5001072713016,31.0,47.885009654417146,wait,16.885009654417146,362
78.26300938629929,4,heavy,1000,1276.5951096303568,37.0,158.1914131556428,wait,121.1914131556428,363
98.83748947798725,3,light,300,421.6838457539462,34.0,35.36123689428412,wait,1.3612368942841186,364
60.21838649172415,7,medium,500,793.752120207888,46.0,76.43769081870992,wait,30.437690818709925,365
105.55043690461522,4,light,500,984.6874234026295,37.0,75.89749448498932,wait,38.89749448498932,366
95.03261959480645,13,medium,300,572.9971374771488,64.0,56.569742372943395,reroute,7.430257627056605,367
46.737595839912686,5,heavy,300,701.735866098398,40.0,89.20830393180775,wait,49.20830393180775,368
20.169394847470294,3,medium,300,429.4563293490346,34.0,43.651069641413116,wait,9.651069641413116,369
70.74610989825403,10,heavy,300,532.5245911773467,55.0,68.9029509412816,wait,13.902950941281603,370
111.32005371928001,6,light,1000,1489.255385489923,43.0,112.22638775527444,wait,69.22638775527444,371
29.253125095516467,4,heavy,500,822.7870119191488,37.0,103.73444143029785,wait,66.73444143029785,372
66.25970540622643,3,heavy,1000,2456.023614241509,34.0,299.7228337089811,wait,265.7228337089811,373
106.05262437380594,10,light,300,693.7869023649807,55.0,54.95265697027861,reroute,0.047343029721389485,374
111.46829036934953,9,light,1000,1591.001362746479,52.0,119.55209811774648,wait,67.55209811774648,375
22.745642240572522,2,heavy,1000,1719.2355778002384,31.0,211.3082693360286,wait,180.3082693360286,376
76.63496004100307,10,medium,1000,2479.990736481015,55.0,228.19916628329136,wait,173.19916628329136,377
84.53166432344555,13,light,1000,1236.3138373501745,64.0,94.01459628921256,wait,30.014596289212562,378
55.88171445686276,7,medium,1000,2485.4394642720367,46.0,228.6895517844833,wait,182.6895517844833,379
63.103385749480104,14,heavy,1000,2162.0833061208964,67.0,264.4499967345075,wait,197.44999673450752,380
37.42607047444426,10,light,300,462.9543321223306,55.0,38.3327119128078,reroute,16.667288087192198,381
59.53278885274823,7,heavy,1000,1676.1420384918576,46.0,206.1370446190229,wait,160.1370446190229,382
66.80328641195426,0,light,500,1158.0291409468127,25.0,88.37809814817051,wait,63.37809814817051,383
90.50839844579637,4,medium,500,780.2621822849442,37.0,75.22359640564498,wait,38.22359640564498,384
71.24108525041925,9,medium,500,991.4456990082667,52.0,94.23011291074401,wait,42.23011291074401,385
67.38714673847208,5,light,500,1024.7702898978796,40.0,78.78346087264732,wait,38.783460872647325,386
29.095771311729308,7,light,500,791.731298101126,46.0,62.004653463281066,wait,16.004653463281066,387
40.99309271362364,4,light,1000,1312.788924938191,37.0,99.52080259554975,wait,62.52080259554975,388
47.01594024470584,4,light,300,423.8893513376109,37.0,35.520033296307986,reroute,1.479966703692014,389
71.47631685191854,14,medium,1000,1963.7944265904168,67.0,181.74149839313753,wait,114.74149839313753,390
83.79729159485075,2,medium,300,604.6181851480856,31.0,59.4156366633277,wait,28.415636663327703,391
108.81867480670157,6,light,500,991.66490248733,43.0,76.39987297908776,wait,33.39987297908776,392
94.71739570469782,11,light,1000,2269.385320807708,58.0,168.39574309815498,wait,110.39574309815498,393
56.09925160322825,2,heavy,1000,2274.1101069047386,31.0,277.8932128285686,wait,246.8932128285686,394
30.849557600255178,7,medium,1000,1342.9368240771194,46.0,125.86431416694074,wait,79.86431416694074,395
108.65225453138078,7,medium,500,1132.5388902711245,46.0,106.92850012440121,wait,60.92850012440121,396
32.042691374401016,10,light,1000,2307.3953470592182,55.0,171.1324649882637,wait,116.1324649882637,397
109.97764356653424,10,medium,300,649.6240656585092,55.0,63.466165909265825,wait,8.466165909265825,398
98.36951594709012,13,light,500,900.6716795700933,64.0,69.84836092904672,wait,5.84836092904672,399
97.09687187749546,10,medium,1000,2016.3736108840849,55.0,186.47362497956766,wait,131.47362497956766,400
71.61342253186456,5,medium,500,738.1737903009723,40.0,71.43564112708751,wait,31.435641127087507,401
33.529828886126225,1,light,500,1157.7444015547198,28.0,88.35759691193982,wait,60.35759691193982,402
111.07782247650573,13,medium,300,630.4512566756805,64.0,61.740613100811245,reroute,2.2593868991887547,403
115.02487867133482,7,light,500,1127.5533844878255,46.0,86.18384368312343,wait,40.18384368312343,404
51.763433948444785,1,light,500,637.7641764477304,28.0,50.91902070423659,wait,22.919020704236587,405
37.28176944586023,12,light,1000,2038.384650580705,61.0,151.76369484181075,wait,90.76369484181075,406
118.38312823514093,8,medium,1000,2136.9254746194033,49.0,197.3232927157463,wait,148.3232927157463,407
103.17146600145438,9,light,1000,1790.8672703372554,52.0,133.94244346428238,wait,81.94244346428238,408
43.33366898528912,14,heavy,1000,1474.155004397585,67.0,181.8986005277102,wait,114.89860052771019,409
116.64560154859916,1,heavy,1000,2410.651980947016,28.0,294.2782377136419,wait,266.2782377136419,410
94.26050545014607,11,heavy,500,989.4676485143555,58.0,123.73611782172264,wait,65.73611782172264,411
76.16363093114228,11,light,300,565.4430717536377,58.0,45.71190116626191,reroute,12.28809883373809,412
34.96875618791081,1,light,1000,1444.2691406798247,28.0,108.98737812894737,wait,80.98737812894737,413
114.79182637049823,0,medium,300,483.8248360886975,25.0,48.544235247982776,wait,23.544235247982776,414
28.530254914208147,10,medium,500,936.7691982512705,55.0,89.30922784261435,wait,34.30922784261435,415
106.78724724667354,8,light,1000,1552.043610540472,49.0,116.74713995891398,wait,67.74713995891398,416
26.582211043026867,5,medium,300,483.51045892102513,40.0,48.515941302892266,wait,8.515941302892266,417
75.47352160612931,10,medium,1000,2291.1084999649925,55.0,211.19976499684932,wait,156.19976499684932,418
91.64086901104423,12,light,1000,1304.7805564900107,61.0,98.94420006728076,wait,37.94420006728076,419
27.702693421915107,6,light,300,529.3918399575869,43.0,43.11621247694625,wait,0.11621247694625225,420
81.77338892705981,3,light,500,726.1308204142666,34.0,57.281419069827194,wait,23.281419069827194,421
77.57901527375613,8,medium,500,694.9779230836323,49.0,67.54801307752692,wait,18.548013077526917,422
103.98903704315423,0,medium,1000,1993.4790570937987,25.0,184.4131151384419,wait,159.4131151384419,423
105.8412914960399,7,medium,1000,1358.1343481080826,46.0,127.23209132972744,wait,81.23209132972744,424
109.82197163412138,0,heavy,300,520.7143057664401,25.0,67.48571669197281,wait,42.48571669197281,425
64.4674993204768,10,light,300,471.13314012958614,55.0,38.9215860893302,reroute,16.078413910669802,426
78.14421304151756,0,heavy,500,838.1283902342103,25.0,105.57540682810523,wait,80.57540682810523,427
84.4740753550228,0,medium,300,724.2112712090885,25.0,70.17901440881796,wait,45.17901440881796,428
71.89020331594574,5,light,300,382.99054664531235,40.0,32.57531935846249,reroute,7.424680641537513,429
33.23290760656612,0,heavy,1000,2236.615090872273,25.0,273.39381090467276,wait,248.39381090467276,430
97.83697717932554,13,medium,300,683.9383215228644,64.0,66.5544489370578,wait,2.554448937057799,431
38.010288465828516,10,light,1000,1298.1922637794175,55.0,98.46984299211806,wait,43.46984299211806,432
101.26785768522215,5,medium,1000,1269.3933387597622,40.0,119.24540048837859,wait,79.24540048837859,433
102.90421838706985,0,medium,300,384.77102898994235,25.0,39.629392609094815,wait,14.629392609094815,434
50.657682923980744,9,light,500,645.6841639019673,52.0,51.489259800941646,reroute,0.510740199058354,435
84.482122152969,9,heavy,1000,1952.0963417895036,52.0,239.25156101474042,wait,187.25156101474042,436
41.829962202891124,8,light,300,445.49125533720206,49.0,37.07537038427855,reroute,11.92462961572145,437
115.3264414121125,5,heavy,500,1022.0166741699046,40.0,127.64200090038854,wait,87.64200090038854,438
89.1421696936011,6,light,1000,1579.427058203172,43.0,118.71874819062838,wait,75.71874819062838,439
97.95043387365799,1,light,500,871.9206286155994,28.0,67.77828526032316,wait,39.77828526032316,440
82.37079510385867,2,medium,1000,1267.6493290178894,31.0,119.08843961161004,wait,88.08843961161004,441
90.18329298050155,6,light,500,1178.7273285571796,43.0,89.86836765611693,wait,46.86836765611693,442
25.418223634530882,9,medium,1000,2398.290138107268,52.0,220.8461124296541,wait,168.8461124296541,443
21.66781777933911,6,light,1000,1692.7573520318554,43.0,126.87852934629359,wait,83.87852934629359,444
112.1266205848326,6,medium,500,867.1678037468366,43.0,83.0451023372153,wait,40.0451023372153,445
90.8826208798541,6,light,500,1047.4696241884687,43.0,80.41781294156975,wait,37.41781294156975,446
69.44161620883455,2,light,300,455.0830338536801,31.0,37.765978437464966,wait,6.765978437464966,447
51.13488572482795,5,medium,300,360.6873376196932,40.0,37.46186038577239,reroute,2.5381396142276103,448
98.36304787211138,0,light,1000,2100.8812478756863,25.0,156.2634498470494,wait,131.2634498470494,449
54.386799719986094,6,light,1000,2339.3120016130815,43.0,173.43046411614188,wait,130.43046411614188,450
94.98443711156733,9,light,1000,1277.0032243341716,52.0,96.94423215206035,wait,44.94423215206035,451
100.68153071414454,13,light,300,431.3695027109301,64.0,36.058604195186966,reroute,27.941395804813034,452
111.96305430987238,12,light,500,789.8361978325426,61.0,61.868206243943064,wait,0.8682062439430638,453
98.40561564407685,10,medium,300,580.6930066815632,55.0,57.26237060134069,wait,2.2623706013406917,454
55.35285842943575,5,light,1000,2060.0620005025835,40.0,153.32446403618601,wait,113.32446403618601,455
101.05371754784396,11,light,1000,1990.8024880429882,58.0,148.33777913909515,wait,90.33777913909515,456
63.37178833176719,2,heavy,300,596.5883578968493,31.0,76.5906029476219,wait,45.5906029476219,457
77.63205145566266,10,medium,300,684.6115013071942,55.0,66.61503511764748,wait,11.61503511764748,458
55.141444751090525,13,light,1000,1726.9461629485345,64.0,129.3401237322945,wait,65.3401237322945,459
86.70815532744281,13,heavy,300,640.3931069610263,64.0,81.84717283532315,wait,17.84717283532315,460
47.077477162639696,0,light,300,603.9845294410471,25.0,48.48688611975539,wait,23.48688611975539,461
118.24678706013653,7,medium,300,642.3121927407384,46.0,62.80809734666646,wait,16.808097346666457,462
66.20427005708225,12,medium,300,556.9636167752162,61.0,55.126725509769464,reroute,5.873274490230536,463
36.235071862794484,12,medium,1000,1513.4154840356548,61.0,141.20739356320894,wait,80.20739356320894,464
73.58478585389194,4,medium,1000,1787.636625944566,37.0,165.88729633501094,wait,128.88729633501094,465
63.62919834822277,9,heavy,1000,2445.1268547806067,52.0,298.4152225736728,wait,246.4152225736728,466
60.35113989630968,6,light,500,619.0611297314396,43.0,49.572401340663646,wait,6.572401340663646,467
53.6707052894258,6,medium,500,1084.387404197934,43.0,102.59486637781407,wait,59.59486637781407,468
52.59864899428856,0,light,500,664.941160756903,25.0,52.87576357449701,wait,27.875763574497007,469
27.929930237862692,7,light,500,1024.6766230704914,46.0,78.77671686107537,wait,32.77671686107537,470
108.44390215505483,13,light,1000,1912.560248947874,64.0,142.70433792424691,wait,78.70433792424691,471
63.1263295493231,11,medium,300,502.36404051858983,58.0,50.21276364667309,reroute,7.787236353326911,472
59.96137303237016,10,light,500,696.3471977734458,55.0,55.1369982396881,wait,0.1369982396880971,473
74.18200851913008,8,heavy,500,656.6034772794684,49.0,83.7924172735362,wait,34.7924172735362,474
41.57419876148785,1,light,300,410.84160337773045,28.0,34.58059544319659,wait,6.580595443196593,475
118.69052031695304,1,heavy,300,635.5133829212443,28.0,81.26160595054931,wait,53.26160595054931,476
60.661205135675345,11,medium,500,823.902040735897,58.0,79.15118366623074,wait,21.151183666230736,477
62.15619647234365,10,medium,300,542.1965751771684,55.0,53.79769176594515,reroute,1.202308234054847,478
35.21928919001315,3,medium,500,1106.354127972155,34.0,104.57187151749396,wait,70.57187151749396,479
114.25153854823009,1,medium,500,759.3953920972043,28.0,73.3455852887484,wait,45.345585288748396,480
28.724538809919444,9,light,500,819.5309731099045,52.0,64.00623006391312,wait,12.006230063913122,481
36.66722664794218,3,light,1000,1540.9031414003487,34.0,115.9450261808251,wait,81.9450261808251,482
106.66245387164159,6,light,300,454.8113195360743,43.0,37.746415006597346,reroute,5.253584993402654,483
69.74564491554035,11,heavy,300,454.6208510391975,58.0,59.554502124703696,wait,1.5545021247036956,484
24.877072200739164,13,light,500,1059.6224668179093,64.0,81.29281761088947,wait,17.292817610889472,485
71.52254071700105,2,medium,300,647.9988867347408,31.0,63.31989980612668,wait,32.31989980612668,486
113.50665493902021,3,medium,500,873.8915505761331,34.0,83.65023955185198,wait,49.65023955185198,487
64.22776825257563,13,medium,1000,1627.7191971840116,64.0,151.49472774656104,wait,87.49472774656104,488
44.80722167487744,10,medium,1000,2008.013792780051,55.0,185.7212413502046,wait,130.7212413502046,489
44.065438804325936,0,light,500,727.3317781609496,25.0,57.36788802758837,wait,32.36788802758837,490
81.0428207637111,0,medium,1000,1806.2909907145074,25.0,167.56618916430568,wait,142.56618916430568,491
110.74800727164472,13,heavy,1000,1246.9056832055453,64.0,154.62868198466543,wait,90.62868198466543,492
87.72995636981888,14,medium,300,484.67987423822956,67.0,48.621188681440664,reroute,18.378811318559336,493
35.70065724978369,7,light,500,772.7047665397062,46.0,60.63474319085884,wait,14.634743190858842,494
70.53536644134118,10,heavy,300,734.0453017399601,55.0,93.0854362087952,wait,38.0854362087952,495
101.08723735075061,1,heavy,1000,1969.847125456465,28.0,241.38165505477576,wait,213.38165505477576,496
45.26259570318132,5,light,300,423.398633853667,40.0,35.48470163746402,reroute,4.5152983625359795,497
65.97277832275631,0,heavy,1000,2119.210621183114,25.0,259.3052745419737,wait,234.3052745419737,498
90.25889716112175,10,light,500,955.5613947850237,55.0,73.8004204245217,wait,18.800420424521704,499
